SkinType,MeanError,StdError,MaxError,MinError
Type I,1275.22820139057,186.987586813859,1490.98308910984,1160.15847406857
Type II,984.842778570189,76.1979997385368,1067.15097623235,916.759966209507
Type III,1037.96621352182,156.361000702356,1207.54291629887,899.497614862167
Type IV,1137.56864843658,101.155724892886,1235.95735217293,1033.856153612
Type V,1130.05773698497,130.622084491386,1278.96246439757,1034.80475856398
Type VI,1064.05465064486,57.813225372438,1123.28589330704,1007.77230946515
